MoveFileA,1
MoveFileW,1
MoveFileExA,1
MoveFileExW,1
DeleteFileW,1
DeleteFileA,1
WriteFile,1
WriteFile,1
inet_pton,1
InternetOpenUrlA,1
InternetOpenUrlW,1
URLDownloadToFileA,1
URLDownloadToFileW,1
RegCreateKeyExA,1
RegCreateKeyExW,1
CreateProcessA,1
CreateProcessW,1
OpenProcessToken,1
AdjustTokenPrivileges,1
IsDebuggerPresent,1
CryptDecrypt,1
SetFileAttributesA,1
SetFileAttributesW,1
GetLocaleInfoA,1
GetLocaleInfoW,1
GetLocaleInfoEx,1
CreateTimerQueueTimer,1
SystemParametersInfoA,1
SystemParametersInfoW,1
CreateFileA,1
CreateFileW,1
